Harapan_Lama_Sekolah,Pengeluaran_Perkapita,Rerata_Lama_Sekolah,Usia_Harapan_Hidup,IPM
14.36,9,9.37,69.96,High
13.9,7,9.48,65.28,Normal
14.32,8,8.68,67.43,Normal
14.6,8,8.88,64.4,Normal
14.01,8,9.67,68.22,Normal
13.04,8,8.21,68.74,Normal
14.28,10,9.86,68.86,High
14.61,9,9.55,67.99,High
14.73,9,10.33,69.79,High
14.47,9,9,66.95,High
14.84,8,9.29,71.26,High
14.71,8,8.64,68.81,Normal
13.65,8,8.67,65.06,Normal
13.78,8,8.4,65.53,Normal
13.76,8,8.91,69.63,Normal
14.14,8,8.69,69.24,Normal
13.99,9,8.71,67.19,Normal
13.47,11,10,69.26,High
14.97,10,9.34,70.18,High
17.8,16,12.83,71.52,Very-High
14.13,11,11.18,70.56,High
15.63,12,11.12,69.43,High
15.21,11,11.11,71.64,High
14.62,7,8.03,64.07,Normal
13.27,10,9.58,69.23,High
12.84,6,5.64,69.78,Normal
13.61,9,8.63,62.65,Normal
13.35,11,9.29,64.97,High
13.07,10,8.84,67.24,Normal
13.7,11,9.99,68.76,High
13.46,12,10.57,70.29,High
12.74,11,9.25,69.95,High
12.61,11,8.8,68.37,High
12.79,11,9.61,71.37,High
13.11,10,9.59,69.19,High
12.77,12,10,71.58,High
13.36,12,10.1,71.77,High
13.24,11,8.66,68.97,High
12.27,7,6.06,68.86,Normal
13.29,8,9.71,69.51,Normal
13.87,8,9.14,65.96,Normal
13.48,8,9.44,71.41,High
12.61,11,8.69,68.82,High
12.64,10,8.07,67.13,Normal
13.04,10,9.38,67.22,High
13.27,8,9.02,67.13,Normal
13.01,11,8.9,68.81,High
13.19,11,8.41,69.56,High
13.04,6,6.77,69.55,Normal
12.95,5,6.69,69.08,Normal
13.28,11,10.41,69.25,High
12.62,11,9.45,63.44,Normal
14.57,12,11.29,73.77,High
12.73,12,10.44,70.95,High
14.75,14,11.48,73.23,Very-High
13.63,11,10.94,72.45,High
14.56,10,11.09,69.5,High
13.75,8,8.62,71.32,Normal
14.09,10,9.07,69.59,High
12.89,6,7.2,64.73,Normal
13.33,9,8.27,70.96,High
13.05,10,7.87,68.79,Normal
12.38,10,8.12,66.36,Normal
14.34,10,8.62,70.12,High
13.68,11,7.88,68.97,High
13.88,9,8.97,72.53,High
13.3,9,8.07,69.84,Normal
12.81,8,8.1,67.59,Normal
12.72,10,8.32,68.01,Normal
12.44,11,8.55,71.53,High
13.68,9,8.27,67.94,Normal
16.53,14,11.59,73.69,Very-High
14.33,12,11.04,73.73,High
13.18,10,10.32,70.1,High
15.07,10,11.63,72.82,High
14.98,13,11.34,74.5,Very-High
14.27,13,10.81,73.84,High
14.55,12,10.67,70.38,High
13.28,10,9.19,71.67,High
13.34,10,8.75,68.6,High
12.46,10,8.39,70.26,High
11.93,9,7.24,67.98,Normal
12.41,11,8.7,71.24,High
12.81,11,9.86,71.13,High
13.55,10,9.27,70.83,High
12.85,9,8.54,70.18,Normal
12.88,11,9.7,71.24,High
12.76,9,8.26,70.39,Normal
12.83,7,7.84,67.78,Normal
15.55,14,11.92,72.41,Very-High
13.31,11,10.14,70.98,High
13.04,10,8.6,71.22,High
13.88,10,8.56,70,High
12.04,10,7.9,71.29,Normal
12.28,11,8.04,69.21,High
12.93,10,8.12,70.64,High
12.84,8,8.58,71.32,Normal
12.17,9,6.92,66.34,Normal
12.63,9,8,68.17,Normal
12.64,10,7.59,70.02,Normal
12.63,11,8.28,67.83,High
15.37,12,11.2,72.71,High
14.8,10,10.33,72.21,High
12.54,10,8.3,69.98,High
12.83,10,8.71,68.24,Normal
11.68,10,7.05,68.67,Normal
11.98,10,7.8,69.02,Normal
12.35,9,8.52,66.16,Normal
12.19,9,7.53,68.26,Normal
12.29,10,7.63,68.84,Normal
11.77,9,7.44,69.06,Normal
11.76,8,7.85,67.07,Normal
12.45,11,7.56,69.17,Normal
12.31,10,7.87,65.6,Normal
12.07,9,7.64,65.13,Normal
12.17,8,7.05,68.33,Normal
11.58,9,7.09,65.76,Normal
14.42,14,10.75,71.01,High
12.92,12,9.97,70.47,High
13.05,8,9.4,66.85,Normal
13.38,13,9.9,69.39,High
13.67,10,8.87,69.42,High
13.62,9,9.27,67.93,High
13.93,10,8.33,68.75,High
12.88,10,8.09,68.27,Normal
13.06,8,8.38,66.73,Normal
13.29,8,8,67.9,Normal
12.74,10,8.3,66.73,Normal
12.58,11,8.18,63.4,Normal
13.12,9,8.29,68.08,Normal
13.28,9,7.48,68.19,Normal
16.03,14,11.8,70.2,Very-High
12.73,10,8.08,70.73,Normal
12.26,9,8.07,67.65,Normal
12.19,9,7.34,68.67,Normal
12.52,9,7.7,69.42,Normal
12.86,10,7.77,70.78,Normal
12.93,11,7.59,69.87,High
12.49,8,8.34,69.3,Normal
12.37,9,7.71,69.46,Normal
11.95,10,7.55,70.01,Normal
12.59,7,7.71,69.15,Normal
12.84,10,8.39,70.27,High
11.64,7,7.08,68.26,Normal
12.06,8,7.39,70.03,Normal
12,8,8.19,63.66,Normal
14.7,12,10.95,71.42,High
14.75,11,10.97,71.66,High
12.17,12,8.08,70.73,High
12.78,12,8.25,71.14,High
11.86,13,8.47,71.1,High
11.7,12,7.44,70.08,Normal
12.1,12,7.2,71.52,High
11.38,11,6.71,68.35,Normal
11.63,11,8.47,72.1,High
13.16,15,10.13,73.41,High
12.98,14,10.18,70.12,High
12.57,11,8.18,71.11,High
13.26,14,8.67,70.46,High
13.91,14,8.92,65.31,High
12.59,11,6.88,62.39,Normal
12.88,11,7.34,67.36,Normal
13.17,18,11.15,73.36,Very-High
14.13,15,10.26,72.18,High
13.07,18,11.17,73.01,Very-High
12.63,12,8.81,68.99,High
13.34,23,11.64,74.2,Very-High
13.96,17,11.67,74.54,Very-High
13.26,17,11.39,74.19,Very-High
12.81,20,10.78,73.69,Very-High
12.64,18,10.81,73.35,Very-High
12.61,10,8.61,73.23,High
12.49,10,8.31,71.36,High
12.24,8,7.1,71.21,Normal
12,8,7.19,70.32,Normal
12.7,10,9.07,73.72,High
12.03,7,7.53,71.59,Normal
12.54,7,7.48,69.67,Normal
14.2,9,7.9,72.02,High
12.23,9,7.8,73.78,Normal
12.27,10,7.1,72.18,Normal
12.23,9,7.31,70.46,Normal
12.98,10,8.52,72.62,High
12.26,9,6.52,71.84,Normal
11.71,10,7.11,72.58,Normal
12.12,11,8.1,71.18,High
12.1,11,7.78,72.33,High
13.1,11,9.3,73.81,High
11.88,8,8.2,72.52,Normal
12.08,9,7.85,71.6,Normal
13.42,11,10.53,73.82,High
13.58,10,9.81,72.58,High
14.21,16,10.99,74.46,Very-High
13.13,11,10.12,72.44,High
14.1,15,11.31,75.19,Very-High
13.93,15,11.46,74.62,Very-High
13.81,12,11.08,74.21,High
13.46,10,9.52,72.34,High
13.24,10,8.77,71.19,High
12.77,11,7.75,74.47,High
12.63,10,7.09,73.9,High
13.03,11,7.63,73.8,High
12,10,7.25,73.21,Normal
11.63,9,6.75,74.28,Normal
13.35,9,7.55,73.55,High
13.51,10,8.21,74.87,High
11.76,10,6.82,71.94,Normal
12.55,9,7.79,73.88,High
12.57,13,7.85,76.03,High
13.39,12,8.81,76.86,High
13.84,11,9.35,77.73,High
12.5,9,7.34,76.28,High
13.69,11,8.57,77.55,High
12.84,12,7.66,75.79,High
12.44,10,7.11,74.84,High
12.35,9,6.99,74.51,Normal
12.12,10,7.3,74.61,High
12.94,10,7.48,76.27,High
13.24,11,8.76,76.68,High
12.76,10,7.79,75.91,High
13.32,10,7.86,75.46,High
12.98,12,8.03,75.79,High
12.32,9,7.25,75.64,Normal
12.96,11,7.46,74.48,High
12.13,9,6.88,74.74,Normal
12.42,10,7.17,73.74,High
11.96,8,6.45,73.53,Normal
12.89,9,6.99,71.72,Normal
12.05,10,6.22,69.54,Normal
14.15,12,10.62,76.93,High
14.88,14,10.9,77.32,Very-High
15.42,15,10.66,77.55,Very-High
15.53,15,10.78,77.51,Very-High
12.85,12,9.18,74.44,High
13.07,13,8.73,74.54,High
15.64,14,9.64,75.04,Very-High
14.27,10,9.02,75.27,High
15.38,15,9.57,73.89,Very-High
12.98,9,7.3,74.19,High
16.74,16,10.92,74.92,Very-High
17.6,18,11.72,74.76,Very-High
13.36,11,7.88,71.38,High
12.65,8,7.61,72.07,Normal
13.74,9,7.55,72.85,High
12.47,9,7.56,73.86,High
13.32,10,8.34,74.16,High
12.63,10,7.5,73.61,High
13.44,11,8.08,72.65,High
13.24,10,7.43,72.61,High
11.88,9,6.67,70.21,Normal
13.43,9,6.49,69.28,Normal
13.1,12,7.42,70.72,High
13.29,10,5.94,66.89,Normal
13.16,9,6.62,69.24,Normal
12.36,10,6.12,67.36,Normal
12.58,10,7.41,70.25,Normal
14.94,14,10.72,74.06,Very-High
12.95,12,8.64,72.59,High
13.57,11,8.55,72.49,High
12.87,12,7.78,71.6,High
13.17,11,7.82,71.5,High
14.04,11,8.36,72.65,High
12.83,11,7.26,72.41,High
12.68,10,7.38,71.72,Normal
12.22,10,7.18,71.56,Normal
13.77,11,8.04,72.49,High
13.77,13,9.56,72.67,High
11.73,8,5.96,70.22,Normal
12.38,8,4.86,68.07,Normal
13.65,8,6.7,67.67,Normal
13.33,9,5.92,71.56,Normal
15.27,12,10.15,74.04,High
14.33,13,10.35,73.86,High
15.75,16,10.41,73.36,Very-High
13.6,12,8.95,70.35,High
13.63,13,9.33,71.6,High
14.01,13,10.47,73.39,High
14.41,16,11.37,72.83,Very-High
14.81,17,10.5,74.18,Very-High
14.16,12,9.31,72.65,High
13.02,12,8.93,70.02,High
13.49,8,7.11,64.79,Normal
11.98,8,6.41,67.33,Normal
12.84,12,8.61,69.93,High
12.58,10,7.51,64.76,Normal
13.87,14,10.83,71.6,High
13.18,13,10.08,66.69,High
12.79,13,8.89,68.12,High
14.66,15,11.82,72.47,Very-High
13.4,13,9.06,72.24,High
12.92,11,8.35,72.46,High
13.01,14,9.14,73.75,High
13.99,17,10.62,75.18,Very-High
13.97,14,9.29,73.78,High
13,11,8.14,71.41,High
12.35,11,7.18,70.62,Normal
12.42,10,6.33,70.56,Normal
13.08,13,7.25,71.95,High
14.09,19,11.48,74.93,Very-High
13.9,10,7.38,66.69,Normal
13.95,11,6.42,67.19,Normal
13.85,9,6.29,66.38,Normal
13.9,9,6.71,66.16,Normal
13.07,9,8.15,67.73,Normal
13.53,8,8.72,66.99,Normal
13.39,8,7.91,66.5,Normal
13.64,11,8.72,68.31,High
12.76,9,6.04,67.36,Normal
15.64,14,9.54,71.88,High
15.04,11,10.65,70.5,High
13.2,7,7.69,67.15,Normal
13.12,7,6.84,67.12,Normal
12.83,9,7.32,65.16,Normal
13.86,7,7.39,64.91,Normal
12.58,6,6.74,66.46,Normal
13.32,6,7.96,67.09,Normal
12.28,7,7.36,64.89,Normal
12.24,6,8.42,61.64,Normal
12.43,7,8.23,67.2,Normal
12.92,7,7.72,65.31,Normal
13.43,8,6.95,67.45,Normal
13.79,9,8.03,65.43,Normal
12.71,8,8.53,68.12,Normal
13.69,7,7.61,67.11,Normal
13.19,6,7.71,64.88,Normal
12.29,7,7.56,67.46,Normal
13.04,6,6.47,68.42,Normal
13.07,6,6.35,68.57,Normal
12.49,8,7.9,67.25,Normal
12.26,5,7.35,68.07,Normal
13.15,5,6.66,60.66,Low
12.79,5,7.1,65.01,Normal
16.41,13,11.6,69.73,High
12.65,8,7.45,70.76,Normal
12.63,9,6.72,69.08,Normal
12.1,9,6.8,73.84,Normal
12.43,7,7.12,73.04,Normal
12.65,7,7.04,71.18,Normal
11.59,8,7.39,71.42,Normal
11.81,9,7.46,71.11,Normal
12.04,8,7.08,71.84,Normal
12.08,7,7.53,72.53,Normal
11.89,7,6.85,72.05,Normal
11.17,8,6.91,72.98,Normal
11.84,7,6.02,68.48,Normal
13.87,8,7,70.69,Normal
15.01,14,10.43,73.12,High
12.91,11,7.9,72.18,High
12.74,11,8.64,69.79,High
12.73,13,8.53,70.68,High
12.85,11,8.15,69.9,High
12.93,11,7.6,68.78,Normal
12.66,11,8.95,67.19,High
12.5,9,8.85,71.3,High
12.13,8,8.09,71.56,Normal
12.49,11,8.43,69.39,High
12,9,7.96,69.26,Normal
12.81,10,8.68,65.87,Normal
12.42,10,8.19,68.1,Normal
11.9,10,9.18,70.46,High
12.84,11,9.23,68.31,High
11.76,10,7.61,69.53,Normal
14.96,14,11.53,73.24,Very-High
12.81,12,8.34,68.83,High
12.31,11,7.89,69.59,Normal
11.95,11,7.46,69.32,Normal
12.73,12,7.52,67.41,Normal
12.4,9,7.55,66.27,Normal
11.95,11,7.77,70.57,High
12.38,12,7.76,66.12,Normal
12.21,12,8.01,66.2,Normal
12.92,9,7.75,64.1,Normal
12.89,11,9.11,70.57,High
12.48,11,7.97,70.45,High
12.47,11,7.69,67.85,Normal
13.94,14,10.2,71.29,High
14.82,13,10.96,72.1,High
13.81,12,9.84,74.61,High
13.25,10,8.79,72.88,High
13.02,10,8.7,73.1,High
13.6,11,9.23,72.64,High
12.9,10,9.43,73.46,High
13.33,12,9.53,72.32,High
12.57,11,8.36,71.68,High
12.61,7,8.18,72.33,Normal
14.22,14,10.91,74.76,Very-High
15.09,14,10.49,74.54,Very-High
13.17,16,10.8,74.55,Very-High
12.94,9,9.11,72.65,High
13.31,9,9.4,71.49,High
13.01,9,9.19,72.74,High
12.22,7,8.8,71.49,Normal
12.65,7,8.17,71.4,Normal
14.03,11,9.98,74.04,High
12.94,10,9.62,71.76,High
11.53,10,8.03,69.45,Normal
14.15,12,9.73,71.16,High
12.47,11,8.34,70.18,High
12.59,8,9.72,70.24,Normal
12.83,11,9.09,70.01,High
12.92,11,10,71.4,High
12.17,9,8.41,67.73,Normal
11.86,8,9.03,70.87,Normal
12.43,10,9.11,70.21,High
12.3,8,8.15,64.49,Normal
11.86,9,7.93,67.94,Normal
14.16,13,11.42,71.9,High
12.62,12,9.89,71.1,High
14.21,11,10.74,72.06,High
12.88,10,10.31,70.6,High
13.23,9,8.89,68.83,Normal
13.07,7,8.44,66.59,Normal
13.25,9,8.53,70.88,High
13.35,11,9.34,69.23,High
13.71,8,9.5,71.19,High
12.51,8,7.98,67.5,Normal
12.89,7,8.76,66.18,Normal
13.1,7,9.08,69.05,Normal
12.48,9,7.74,64.35,Normal
12.29,7,8.4,65.9,Normal
12.88,8,8.82,70.09,Normal
12.96,7,8.63,65.67,Normal
12.25,8,8.72,69.71,Normal
16.28,14,11.72,71.09,Very-High
13.52,11,8.46,70.66,High
12.66,9,8.08,68.52,Normal
13.41,10,7.82,68.1,Normal
12.05,11,6.77,70.6,Normal
12.1,9,6.6,66.49,Normal
12.42,10,7.49,67.3,Normal
13.65,9,8.2,70.45,High
13.06,9,7.78,67.38,Normal
13.16,11,8.01,69.04,High
12.77,11,7.92,66.78,Normal
13.59,11,8.24,69.07,High
12.98,9,7.23,67.21,Normal
13.05,9,7.82,69.81,Normal
13.15,12,7.05,67.48,Normal
12.95,12,7.94,70.01,High
13.24,11,7.87,69.77,High
13.71,10,8.91,70.93,High
13.39,10,8.35,70.44,High
13.86,7,8.51,73.4,Normal
12.57,11,7.86,68.67,High
12.84,12,8.81,70.63,High
13.39,8,8.25,73.41,Normal
15.58,17,11.43,72.13,Very-High
14.51,13,10.65,71.31,High
15.09,13,10.94,70.92,High
13.68,9,9.13,71.27,High
13.76,7,7.92,68.39,Normal
13.8,8,8.46,70.41,Normal
13.01,10,9.21,70.32,High
12.83,12,8.99,71.21,High
12.37,9,8.11,70.87,Normal
11.85,8,8.04,69.09,Normal
13.51,9,8.16,70.48,Normal
12.15,10,8.22,70.36,Normal
12.92,7,8.93,70.93,Normal
13.08,9,9.3,69.53,High
12.69,7,7.84,72.82,Normal
12.32,6,9.42,68.43,Normal
12.51,7,7.3,70.35,Normal
13.12,7,7.31,67.69,Normal
13.24,7,7.54,67.69,Normal
16.89,14,12.51,73.83,Very-High
15.17,10,10.91,71.25,High
13.11,10,7.9,68.19,Normal
12.45,8,7,69.3,Normal
13.18,9,7.3,67.69,Normal
12.38,10,7.26,64.3,Normal
13.65,10,8.32,68.52,High
12.46,9,7.15,65.93,Normal
14.5,12,10.37,72.53,High
12.86,9,7.96,65.25,Normal
13.62,10,8.91,61.77,Normal
13.38,8,7.44,62.53,Normal
12.36,7,7.88,70.94,Normal
13.24,9,7.96,67.77,Normal
11.95,11,8.09,66.45,Normal
12.53,8,7.51,68.55,Normal
13.97,8,10.03,66.09,Normal
12.3,6,9.69,63.45,Normal
12.82,7,9.76,65.14,Normal
14.17,10,9.68,66.45,High
13.04,10,8.79,66.44,Normal
12.31,7,8.83,62.96,Normal
13.48,8,8.92,61.85,Normal
12.77,9,8.46,59.62,Normal
12.35,6,8.59,62.55,Normal
12.7,7,7.95,66.36,Normal
16.04,14,12.2,70.63,Very-High
13.98,7,10.53,65.68,Normal
13.68,8,9.09,68.45,Normal
13.2,7,8.37,66.34,Normal
13.11,7,9.01,64.15,Normal
12.77,7,9,63.39,Normal
12.79,7,8.1,65.93,Normal
13.61,7,8.62,69.61,Normal
12.76,7,8.27,69.08,Normal
12.93,6,7.4,67.35,Normal
12.65,6,7.67,62.22,Normal
15.75,13,11.81,71.06,Very-High
14.32,8,9.95,69.43,High
13.13,7,7.69,66.14,Normal
14.63,7,8.97,68.5,Normal
12.41,8,8.58,64.93,Normal
11.63,8,7.08,60.24,Normal
12.42,9,8.22,60.99,Normal
13.66,11,8.34,68.82,High
13.17,6,7.49,66.39,Normal
13.72,7,8.33,66.22,Normal
12.06,7,8.02,64.83,Normal
12.18,4,5.39,60.2,Low
13.47,5,6.96,65.25,Low
12.35,5,6.63,67.6,Low
11.72,5,5.12,67.26,Low
14.39,13,11.19,70.93,High
11.11,6,6.76,65.93,Normal
14.14,10,8.73,67.07,High
12.53,7,5.6,59.9,Low
14.39,9,10.05,67.16,High
12.18,8,10.01,68.15,Normal
12.74,7,9.47,69.17,Normal
14.2,9,10.34,68.29,High
10.5,6,4.77,66.62,Low
7.49,5,3.74,65.33,Low
12.69,11,10.18,72.36,High
11.08,7,8.79,60.32,Normal
10.79,6,6.51,65.31,Low
9.3,5,5.08,58.59,Low
7.62,4,4.27,66.05,Low
6.47,5,3.04,64.54,Low
8.61,4,3.65,65.83,Low
12.29,6,8.83,66.46,Normal
12.43,8,8.02,66.78,Normal
12.8,6,9.21,66.42,Normal
13,5,8.87,66.06,Normal
11.8,4,5.87,58,Low
3.87,3,1.42,55.43,Low
8.89,4,3.43,66.11,Low
9.22,4,3.33,63.75,Low
9.32,4,3.01,65.49,Low
5.4,5,2.16,65.86,Low
10.59,5,4.94,65.85,Low
7.66,5,3.09,65.69,Low
9.82,4,3.25,65.36,Low
15.02,14,11.57,70.52,Very-High
13.08,11,8.54,71.57,High
14.31,9,9.33,69.93,High
13.76,7,9.34,65.26,Normal
14.31,8,8.53,67.39,Normal
14.42,8,8.87,64.35,Normal
14,8,9.66,68.14,Normal
13.03,8,8.15,68.72,Normal
14.27,10,9.85,68.85,High
14.6,9,9.37,67.98,High
14.72,9,10.32,69.78,High
14.46,9,8.99,66.94,High
14.83,8,9.28,71.22,High
14.7,8,8.63,68.8,Normal
13.58,8,8.66,65,Normal
13.77,8,8.2,65.47,Normal
13.59,8,8.9,69.58,Normal
14.13,8,8.68,69.22,Normal
13.98,9,8.7,67.16,Normal
13.46,11,9.79,69.22,High
14.82,10,9.33,70.14,High
17.79,16,12.65,71.45,Very-High
13.95,11,11.14,70.51,High
15.35,12,11.11,69.42,High
15.2,11,10.91,71.6,High
14.61,7,7.84,64.02,Normal
13.23,10,9.54,69.1,High
12.57,6,5.36,69.75,Normal
13.32,9,8.62,62.6,Normal
13.24,11,9.28,64.91,High
13.06,10,8.62,67.15,Normal
13.69,11,9.85,68.63,High
13.45,12,10.52,70.08,High
12.73,11,9.24,69.93,High
12.6,10,8.79,68.26,High
12.78,11,9.6,71.22,High
13.1,10,9.58,69,High
12.76,12,9.79,71.4,High
13.35,12,10.09,71.73,High
13.05,11,8.65,68.8,High
12.23,6,5.85,68.74,Normal
13.28,7,9.54,69.27,Normal
13.86,8,9.03,65.74,Normal
13.47,8,9.43,71.27,High
12.6,10,8.54,68.68,High
12.63,10,8.06,66.96,Normal
12.87,9,9.37,67.17,Normal
13.03,8,9.01,67.09,Normal
13,11,8.75,68.71,High
13.04,11,8.4,69.46,High
13.03,6,6.58,69.43,Normal
12.94,5,6.49,68.96,Normal
13.16,11,10.4,69.01,High
12.5,11,9.44,63.27,Normal
14.45,12,11.16,73.55,High
12.72,12,10.31,70.87,High
14.74,14,11.39,73.14,Very-High
13.62,10,10.93,72.38,High
14.54,10,11,69.41,High
13.74,7,8.61,71.19,Normal
14.02,10,8.99,69.47,High
12.82,6,7.09,64.73,Normal
13.32,9,8.26,70.86,Normal
13.04,10,7.86,68.58,Normal
12.37,10,8.11,66.21,Normal
14.33,10,8.61,69.94,High
13.67,10,7.87,68.79,High
13.87,9,8.96,72.37,High
13.29,9,7.99,69.79,Normal
12.8,8,8.09,67.4,Normal
12.71,10,8.28,67.81,Normal
12.43,11,8.47,71.33,High
13.61,9,8.19,67.82,Normal
16.52,14,11.58,73.65,Very-High
14.32,12,11.03,73.61,High
13.17,10,10.17,70,High
15.06,10,11.62,72.82,High
14.97,13,11.33,74.38,Very-High
14.26,13,10.73,73.74,High
14.54,12,10.59,70.28,High
13.2,10,9.14,71.6,High
13.33,10,8.59,68.55,High
12.36,10,8.38,70.25,Normal
11.91,9,7.23,67.85,Normal
12.24,11,8.5,71.16,High
12.76,11,9.66,71.11,High
13.46,10,9.26,70.76,High
12.84,9,8.39,70.06,Normal
12.87,11,9.69,71.2,High
12.68,9,8.25,70.3,Normal
12.82,7,7.7,67.68,Normal
15.54,14,11.68,72.34,Very-High
13.12,11,10.07,70.93,High
12.98,10,8.55,71.16,High
13.87,9,8.55,69.93,High
11.99,10,7.76,71.26,Normal
12.27,11,7.87,69.17,Normal
12.92,9,8.11,70.56,Normal
12.83,8,8.57,71.27,Normal
12.16,9,6.7,66.23,Normal
12.62,9,7.71,68.12,Normal
12.6,10,7.58,69.99,Normal
12.62,11,8.27,67.74,Normal
15.1,12,10.92,72.65,High
14.79,10,10.32,72.11,High
12.45,10,8.24,69.88,High
12.6,10,8.7,68.2,Normal
11.42,10,7.04,68.61,Normal
11.97,10,7.79,68.9,Normal
12.34,9,8.46,66.04,Normal
12.08,9,7.52,68.14,Normal
12,10,7.62,68.75,Normal
11.75,9,7.2,68.97,Normal
11.75,8,7.84,67.04,Normal
12.23,11,7.55,69.1,Normal
12.3,10,7.86,65.48,Normal
12.06,9,7.6,65.08,Normal
12.05,8,7.04,68.27,Normal
11.57,9,6.84,65.68,Normal
14.41,14,10.53,70.79,High
12.91,12,9.96,70.32,High
12.85,8,9.39,66.71,Normal
13.37,13,9.89,69.25,High
13.61,10,8.84,69.35,High
13.61,9,9.26,67.9,High
13.83,10,8.28,68.57,High
12.87,10,7.87,68.19,Normal
12.99,8,8.37,66.63,Normal
13.28,8,7.99,67.75,Normal
12.73,10,8.29,66.64,Normal
12.57,11,7.99,63.29,Normal
12.9,9,8.24,67.95,Normal
13.03,9,7.47,68.19,Normal
16.02,13,11.79,70.13,Very-High
12.65,9,8.05,70.65,Normal
12.25,9,8.06,67.58,Normal
12.18,9,7.22,68.56,Normal
12.5,9,7.69,69.33,Normal
12.85,9,7.6,70.73,Normal
12.92,11,7.58,69.84,High
12.48,8,8.21,69.21,Normal
12.36,9,7.7,69.4,Normal
11.89,10,7.49,69.97,Normal
12.36,7,7.7,69.04,Normal
12.83,10,8.38,70.08,High
11.63,7,6.88,68.19,Normal
12.05,8,7.24,70,Normal
11.99,8,8.01,63.5,Normal
14.64,12,10.93,71.37,High
14.47,11,10.96,71.63,High
12.05,12,8.06,70.64,High
12.77,12,8.24,71.06,High
11.85,13,8.46,71.05,High
11.53,12,7.22,70.06,Normal
11.81,12,7.19,71.36,High
11.37,11,6.67,68.16,Normal
11.52,11,8.22,72.03,High
13.15,15,9.92,73.3,High
12.87,14,10.12,69.96,High
12.42,11,8.17,70.91,High
13.1,14,8.44,70.38,High
13.9,14,8.73,65.06,High
12.45,11,6.67,62.06,Normal
12.81,11,7.17,67.21,Normal
13.16,18,11.14,73.33,Very-High
14.12,15,10.25,72.1,High
12.98,18,11.13,72.91,Very-High
12.57,12,8.68,68.76,High
13.33,23,11.63,74.12,Very-High
13.86,17,11.66,74.47,Very-High
13.25,17,11.38,74.11,Very-High
12.8,20,10.63,73.62,Very-High
12.63,18,10.8,73.28,Very-High
12.5,10,8.55,73.04,High
12.48,10,8.3,71.17,High
12.23,8,7.07,70.97,Normal
11.99,7,7.18,70.13,Normal
12.69,10,8.96,73.53,High
11.91,7,7.52,71.41,Normal
12.53,7,7.35,69.47,Normal
14.06,9,7.7,71.83,High
12.22,9,7.57,73.59,Normal
12.25,10,6.92,71.99,Normal
12.22,9,7.27,70.27,Normal
12.97,10,8.51,72.43,High
12.25,9,6.3,71.63,Normal
11.7,10,7.1,72.35,Normal
12.11,11,8.09,70.99,High
12.09,11,7.77,72.15,High
13.09,11,9.12,73.68,High
11.87,8,8.19,72.34,Normal
12.07,9,7.74,71.4,Normal
13.41,11,10.33,73.61,High
13.47,10,9.59,72.42,High
14.2,16,10.75,74.28,Very-High
13.12,11,9.91,72.26,High
14,15,11.16,75.01,Very-High
13.92,15,11.28,74.44,Very-High
13.8,12,10.96,74.03,High
13.45,10,9.33,72.15,High
13.23,10,8.63,70.99,High
12.7,10,7.69,74.37,High
12.5,10,6.97,73.73,Normal
12.85,11,7.52,73.72,High
11.99,9,7.24,73.14,Normal
11.46,9,6.74,74.18,Normal
13.34,8,7.54,73.4,Normal
13.5,10,8.12,74.72,High
11.75,10,6.81,71.82,Normal
12.54,9,7.78,73.72,Normal
12.56,12,7.84,75.95,High
13.25,11,8.58,76.78,High
13.83,11,9.34,77.65,High
12.49,9,7.33,76.16,High
13.68,11,8.56,77.47,High
12.83,12,7.65,75.71,High
12.3,10,6.91,74.75,Normal
12.2,9,6.83,74.41,Normal
12.11,10,7.16,74.55,High
12.65,10,7.44,76.22,High
13.23,11,8.75,76.6,High
12.75,10,7.68,75.84,High
13.31,10,7.71,75.4,High
12.97,11,8.02,75.73,High
12.14,9,7.24,75.58,Normal
12.95,11,7.45,74.43,High
12.01,9,6.87,74.69,Normal
12.41,10,6.91,73.69,Normal
11.95,8,6.42,73.4,Normal
12.67,9,6.98,71.6,Normal
12.04,10,6.21,69.33,Normal
14.14,12,10.39,76.85,High
14.87,14,10.69,77.22,Very-High
15.41,15,10.42,77.4,Very-High
15.52,15,10.53,77.34,Very-High
12.84,12,8.96,74.38,High
13.05,12,8.51,74.46,High
15.59,14,9.55,74.99,High
14.26,10,8.86,75.24,High
15.17,15,9.55,73.86,Very-High
12.97,9,7.21,74.12,Normal
16.73,15,10.91,74.81,Very-High
17.43,18,11.46,74.65,Very-High
13.19,11,7.78,71.3,High
12.64,8,7.6,71.94,Normal
13.73,9,7.54,72.77,High
12.35,9,7.55,73.75,Normal
13.31,10,8.33,74.08,High
12.46,10,7.39,73.52,High
13.15,11,8.02,72.61,High
13.18,10,7.42,72.55,High
11.81,9,6.4,70.1,Normal
13.42,9,6.48,69.15,Normal
12.8,12,7.16,70.65,High
13.28,10,5.93,66.74,Normal
13.15,9,6.46,69.13,Normal
12.35,10,6.11,67.2,Normal
12.41,10,7.4,70.23,Normal
14.93,14,10.5,74.04,Very-High
12.88,12,8.51,72.53,High
13.27,11,8.54,72.4,High
12.86,12,7.64,71.54,High
13.16,11,7.81,71.38,High
14.03,11,8.24,72.59,High
12.7,11,7.06,72.3,High
12.39,10,7.33,71.56,Normal
12.21,10,6.95,71.43,Normal
13.48,11,7.92,72.4,High
13.73,13,9.3,72.66,High
11.6,8,5.95,70.18,Normal
12.37,8,4.85,68.03,Normal
13.64,8,6.69,67.58,Normal
13.2,8,5.71,71.41,Normal
15.26,12,9.93,74.02,High
14.32,13,10.11,73.75,High
15.51,16,10.18,73.27,Very-High
13.59,12,8.7,70.29,High
13.62,13,9.12,71.52,High
14,13,10.25,73.32,High
14.4,16,11.14,72.81,Very-High
14.8,17,10.49,74.18,Very-High
14.13,12,9.07,72.61,High
12.89,11,8.89,69.96,High
13.47,8,7.1,64.66,Normal
11.97,8,6.4,67.21,Normal
12.82,12,8.39,69.89,High
12.57,10,7.5,64.64,Normal
13.85,14,10.69,71.6,High
13.16,13,9.87,66.67,High
12.78,13,8.76,68,High
14.47,15,11.81,72.47,Very-High
13.33,13,8.95,72.13,High
12.65,11,8.23,72.35,High
13,14,8.88,73.65,High
13.98,17,10.39,75.1,Very-High
13.89,14,9.04,73.68,High
12.99,11,8.13,71.25,High
12.34,11,7.17,70.52,Normal
12.41,10,6.32,70.47,Normal
13.07,13,7.24,71.83,High
14,19,11.47,74.82,Very-High
13.7,10,7.31,66.51,Normal
13.71,11,6.41,66.94,Normal
13.67,9,6.28,66.21,Normal
13.69,9,6.7,65.97,Normal
13.06,9,7.92,67.54,Normal
13.32,8,8.44,66.82,Normal
13.29,8,7.78,66.33,Normal
13.62,11,8.66,68.07,High
12.72,9,5.91,67.17,Normal
15.59,14,9.46,71.76,High
15,11,10.49,70.38,High
13.18,7,7.63,67.01,Normal
13.11,7,6.6,67.08,Normal
12.82,9,7.12,65.13,Normal
13.85,7,7.38,64.63,Normal
12.57,6,6.73,66.42,Normal
13.31,6,7.81,66.96,Normal
12.27,7,7.35,64.61,Normal
12.23,6,8.41,61.48,Normal
12.42,7,8.22,67.07,Normal
12.91,7,7.71,65.2,Normal
13.16,8,6.94,67.24,Normal
13.78,9,7.81,65.29,Normal
12.7,8,8.52,68.04,Normal
13.41,7,7.37,67.03,Normal
13.18,6,7.59,64.6,Normal
12.28,7,7.3,67.38,Normal
12.96,6,6.25,68.38,Normal
13.06,6,6.34,68.53,Normal
12.48,8,7.89,67.13,Normal
11.99,5,7.08,68.04,Normal
13.14,5,6.65,60.64,Low
12.78,5,6.87,64.97,Normal
16.4,13,11.58,69.55,High
12.6,8,7.37,70.69,Normal
12.61,9,6.71,68.93,Normal
12.09,9,6.76,73.83,Normal
12.4,7,7.11,72.84,Normal
12.39,7,7.03,71.04,Normal
11.57,8,7.15,71.42,Normal
11.8,9,7.31,71.1,Normal
12.03,8,7.07,71.71,Normal
12.05,7,7.52,72.52,Normal
11.88,7,6.83,71.84,Normal
11.16,8,6.76,72.97,Normal
11.82,7,6.01,68.28,Normal
13.82,8,6.83,70.59,Normal
15,14,10.17,72.96,High
12.9,11,7.89,72.06,High
12.66,11,8.59,69.74,High
12.72,13,8.42,70.59,High
12.84,11,8.13,69.85,High
12.92,11,7.59,68.74,Normal
12.55,11,8.82,67.09,High
12.49,9,8.71,71.3,High
12.12,8,8.01,71.53,Normal
12.48,11,8.42,69.36,High
11.99,9,7.94,69.26,Normal
12.67,10,8.67,65.78,Normal
12.41,10,8.18,68.04,Normal
11.78,10,9.14,70.4,High
12.83,11,9.21,68.22,High
11.75,10,7.54,69.51,Normal
14.95,14,11.52,73.21,Very-High
12.68,12,8.29,68.66,High
12.01,11,7.88,69.45,Normal
11.93,11,7.43,69.21,Normal
12.44,12,7.35,67.21,Normal
12.39,9,7.34,66.09,Normal
11.94,11,7.76,70.4,High
12.17,12,7.75,65.97,Normal
12.2,12,8,66.01,Normal
12.91,9,7.53,63.83,Normal
12.72,11,9.1,70.44,High
12.37,11,7.96,70.34,High
12.46,11,7.55,67.72,Normal
13.93,14,9.95,71.13,High
14.81,13,10.95,71.99,High
13.72,11,9.77,74.33,High
13.1,10,8.55,72.62,High
12.9,9,8.47,72.86,High
13.59,10,9.22,72.34,High
12.89,10,9.19,73.16,High
13.32,12,9.52,72.06,High
12.56,11,8.28,71.41,High
12.51,7,7.97,72.1,Normal
14.14,14,10.68,74.49,Very-High
14.89,14,10.48,74.27,Very-High
13.03,16,10.79,74.28,Very-High
12.93,8,9,72.59,High
13.3,9,9.39,71.45,High
13,9,8.94,72.66,High
12.21,7,8.54,71.42,Normal
12.64,6,8,71.34,Normal
14.02,10,9.97,73.97,High
12.85,10,9.49,71.69,High
11.52,10,7.93,69.36,Normal
13.98,12,9.59,71.08,High
12.32,11,8.29,70.1,High
12.51,8,9.51,70.16,Normal
12.74,11,9.08,69.92,High
12.8,11,9.99,71.38,High
11.91,9,8.4,67.66,Normal
11.67,8,8.97,70.73,Normal
12.27,10,8.88,70.15,High
12.29,8,7.9,64.49,Normal
11.59,8,7.83,67.89,Normal
14.15,13,11.27,71.87,High
12.61,12,9.88,71.07,High
14.2,11,10.73,71.93,High
12.79,10,10.1,70.47,High
13.17,9,8.83,68.69,Normal
13.06,7,8.43,66.31,Normal
13.24,9,8.52,70.88,High
13.34,10,9.33,69.18,High
13.7,8,9.41,71.18,High
12.49,7,7.97,67.33,Normal
12.73,7,8.51,65.9,Normal
13.09,7,8.86,68.76,Normal
12.47,9,7.48,64.3,Normal
12.28,7,8.39,65.67,Normal
12.87,8,8.6,69.99,Normal
12.95,7,8.62,65.38,Normal
12.24,8,8.71,69.61,Normal
16.23,14,11.61,71.04,Very-High
13.45,11,8.38,70.57,High
12.65,8,7.88,68.46,Normal
13.17,10,7.67,67.92,Normal
12.04,11,6.72,70.54,Normal
11.98,9,6.59,66.39,Normal
12.41,10,7.29,67.18,Normal
13.64,9,8.19,70.43,High
13.05,9,7.75,67.3,Normal
13.04,10,7.73,69.02,Normal
12.76,11,7.66,66.66,Normal
13.58,10,8.23,69.02,High
12.88,8,7.15,67.07,Normal
12.9,9,7.81,69.65,Normal
13.14,12,6.81,67.35,Normal
12.94,12,7.84,69.83,High
13.23,11,7.86,69.61,High
13.7,10,8.9,70.91,High
13.33,10,8.24,70.34,High
13.8,7,8.26,73.3,Normal
12.43,11,7.79,68.51,Normal
12.83,12,8.8,70.53,High
13.38,8,7.96,73.39,Normal
15.57,16,11.21,72.09,Very-High
14.5,13,10.45,71.27,High
15.08,12,10.76,70.88,High
13.65,9,9.04,71.22,High
13.75,7,7.71,68.25,Normal
13.79,8,8.36,70.39,Normal
13,10,9.15,70.27,High
12.81,12,8.98,71.06,High
12.36,9,7.86,70.8,Normal
11.84,8,8.03,68.91,Normal
13.5,9,7.94,70.41,Normal
12.11,10,8.12,70.36,Normal
12.76,7,8.92,70.93,Normal
12.83,9,9.21,69.51,Normal
12.41,7,7.56,72.67,Normal
12.06,6,9.41,68.43,Normal
12.5,7,7.01,70.34,Normal
13,7,7.3,67.66,Normal
13.23,7,7.53,67.66,Normal
16.62,14,12.2,73.77,Very-High
15.16,10,10.64,71.19,High
13.08,10,7.82,68.07,Normal
12.44,8,6.82,69.07,Normal
13.17,9,7.13,67.58,Normal
12.37,10,7.12,64.07,Normal
13.57,10,8.31,68.46,Normal
12.45,8,7.03,65.87,Normal
14.34,12,10.36,72.49,High
12.77,9,7.89,65.06,Normal
13.61,10,8.65,61.56,Normal
13.06,8,7.41,62.38,Normal
12.05,7,7.65,70.87,Normal
13.19,9,7.95,67.52,Normal
11.93,11,7.98,66.2,Normal
12.23,8,7.46,68.33,Normal
13.96,8,9.93,65.98,Normal
12.29,6,9.68,63.42,Normal
12.81,7,9.73,65.07,Normal
14.16,10,9.67,66.42,High
13.03,10,8.52,66.41,Normal
12.3,7,8.82,62.87,Normal
13.44,8,8.87,61.69,Normal
12.76,9,8.43,59.41,Normal
12.27,6,8.35,62.38,Normal
12.69,7,7.94,66.27,Normal
16.03,14,11.92,70.52,Very-High
13.97,7,10.52,65.47,Normal
13.67,8,9.04,68.33,Normal
13.19,7,8.35,66.25,Normal
12.99,7,9,63.91,Normal
12.74,6,8.95,63.3,Normal
12.78,7,7.93,65.86,Normal
13.6,7,8.51,69.56,Normal
12.75,7,8.26,68.88,Normal
12.77,6,7.39,67.18,Normal
12.59,6,7.66,62.1,Normal
15.74,13,11.71,70.97,High
14.31,8,9.73,69.34,High
12.91,8,7.6,66.02,Normal
14.37,7,8.84,68.47,Normal
12.13,8,8.41,64.81,Normal
11.48,8,6.98,60.1,Normal
12.31,9,8.08,60.83,Normal
13.65,12,8.25,68.68,High
13.16,6,7.36,66.25,Normal
13.71,7,8.17,66.1,Normal
12.03,8,7.91,64.74,Normal
11.91,4,5.24,60.13,Low
13.21,5,6.85,65.19,Low
12.35,5,6.63,67.58,Low
11.72,5,5.12,67.24,Low
14.38,13,11.14,70.7,High
11.08,6,6.69,65.79,Normal
13.88,10,8.72,67,High
12.27,7,5.51,59.64,Low
14.2,9,10.04,67.05,High
11.92,8,10,68.06,Normal
12.73,7,9.46,69.12,Normal
13.96,9,10.33,68.25,High
10.49,6,4.57,66.44,Low
7.24,5,3.62,65.15,Low
12.4,11,10.17,72.32,High
11.07,7,8.78,59.97,Normal
10.55,6,6.31,65.11,Low
9.02,5,4.94,58.05,Low
7.61,4,4.26,65.93,Low
6.25,5,2.81,64.44,Low
8.6,4,3.64,65.71,Low
12.05,6,8.82,66.36,Normal
12.42,8,8.01,66.69,Normal
12.79,6,9.2,66.33,Normal
12.74,5,8.81,65.94,Normal
11.79,4,5.66,57.77,Low
3.61,3,1.13,55.27,Low
8.62,4,3.2,66.06,Low
8.93,4,3.15,63.59,Low
9.11,4,2.79,65.42,Low
5.39,5,2.15,65.74,Low
10.58,5,4.93,65.73,Low
7.65,5,2.84,65.6,Low
9.81,4,3.01,65.24,Low
15.01,14,11.56,70.45,High
12.98,11,8.48,71.47,High
14.3,9,9.18,69.87,High
13.51,7,9.08,65.22,Normal
14.3,8,8.52,67.36,Normal
14.41,8,8.59,64.27,Normal
13.99,8,9.65,68.04,Normal
13.02,8,7.86,68.67,Normal
14.26,10,9.69,68.82,High
14.59,9,9.09,67.93,High
14.71,9,10.31,69.77,High
14.45,9,8.82,66.89,High
14.82,8,9.27,71.16,High
14.69,8,8.46,68.79,Normal
13.57,8,8.35,64.91,Normal
13.73,8,7.91,65.38,Normal
13.58,8,8.89,69.52,Normal
14.12,8,8.5,69.14,Normal
13.97,9,8.66,67.11,Normal
13.45,11,9.78,69.19,High
14.54,10,9.04,70.06,High
17.39,16,12.64,71.36,Very-High
13.81,11,11.13,70.45,High
15.34,12,11.1,69.37,High
15.19,11,10.9,71.52,High
14.21,7,7.58,63.94,Normal
13.15,10,9.45,68.95,High
12.39,7,5.15,69.68,Normal
13.17,9,8.36,62.51,Normal
13.12,11,8.97,64.82,Normal
12.79,10,8.48,67.08,Normal
13.68,11,9.71,68.46,High
13.28,12,10.36,69.93,High
12.67,11,9.23,69.86,High
12.59,10,8.49,68.11,Normal
12.77,11,9.36,71.07,High
13.09,10,9.34,68.79,High
12.75,12,9.62,71.27,High
13.34,12,10.08,71.61,High
12.81,11,8.64,68.59,High
12.22,7,5.53,68.58,Normal
13.27,7,9.53,69.06,Normal
13.85,8,8.73,65.59,Normal
13.46,8,9.15,71.16,High
12.59,11,8.53,68.46,High
12.62,10,8.02,66.75,Normal
12.47,10,9.1,67.06,Normal
13.02,9,8.69,66.98,Normal
12.99,11,8.74,68.64,High
12.82,11,8.36,69.37,High
12.78,6,6.25,69.29,Normal
12.71,6,6.14,68.82,Normal
13.15,11,10.18,68.77,High
12.49,11,9.26,63.02,Normal
14.21,12,11.15,73.33,High
12.71,12,10.28,70.76,High
14.73,15,11.38,72.98,Very-High
13.61,11,10.77,72.25,High
14.53,11,10.7,69.15,High
13.73,8,8.58,71.02,Normal
14.01,10,8.92,69.31,High
12.76,6,7.08,64.68,Normal
13.31,9,8.25,70.73,High
13.03,10,7.85,68.34,Normal
12.36,10,8.1,66.02,Normal
14.32,10,8.45,69.73,High
13.62,11,7.86,68.58,High
13.86,9,8.85,72.17,High
13.28,9,7.98,69.7,Normal
12.79,8,7.86,67.18,Normal
12.7,10,8.16,67.58,Normal
12.42,11,8.46,71.1,High
13.4,9,8.06,67.67,Normal
16.51,14,11.34,73.57,Very-High
14.31,12,11.02,73.45,High
13.16,10,9.97,69.87,High
15.05,11,11.45,72.77,High
14.96,13,11.32,74.22,Very-High
14.25,13,10.72,73.61,High
14.53,12,10.37,70.15,High
13.14,11,9.03,71.48,High
13.32,10,8.58,68.44,High
12.35,10,8.17,70.2,High
11.9,10,7.22,67.66,Normal
12.17,12,8.49,71.03,High
12.75,12,9.65,71.03,High
13.45,11,9.25,70.64,High
12.83,9,8.38,69.89,Normal
12.86,11,9.41,71.11,High
12.67,9,8.24,70.17,Normal
12.81,8,7.51,67.53,Normal
15.37,15,11.43,72.22,Very-High
13.1,12,9.85,70.82,High
12.93,10,8.45,71.06,High
13.86,10,8.21,69.82,High
11.98,10,7.68,71.18,Normal
12.26,11,7.76,69.09,Normal
12.91,10,7.85,70.44,Normal
12.82,8,8.33,71.18,Normal
12.01,9,6.35,66.08,Normal
12.61,9,7.7,68.03,Normal
12.39,10,7.57,69.91,Normal
12.61,11,8.15,67.61,Normal
14.9,12,10.91,72.57,High
14.78,10,10.08,72.01,High
12.39,10,8.18,69.65,High
12.59,10,8.69,68.01,Normal
11.41,11,7.03,68.41,Normal
11.96,11,7.78,68.63,Normal
12.33,10,8.45,65.76,Normal
12.07,9,7.51,67.86,Normal
11.99,10,7.61,68.54,Normal
11.74,10,7.19,68.76,Normal
11.74,8,7.83,66.76,Normal
12.22,11,7.54,68.87,Normal
12.29,10,7.85,65.21,Normal
12.05,9,7.39,64.81,Normal
11.9,8,6.75,68.07,Normal
11.56,10,6.5,65.43,Normal
14.4,15,10.52,70.54,High
12.9,13,9.72,70.09,High
12.84,9,9.14,66.41,Normal
13.36,13,9.81,69.04,High
13.59,10,8.73,69.21,High
13.6,9,9.02,67.79,High
13.68,10,8.26,68.37,High
12.86,10,7.86,68.04,Normal
12.98,8,8.25,66.5,Normal
13.27,8,7.91,67.56,Normal
12.72,10,7.99,66.51,Normal
12.56,11,7.9,63.12,Normal
12.89,9,7.93,67.78,Normal
13.02,9,7.22,68.12,Normal
16.01,14,11.78,70.04,Very-High
12.63,10,7.92,70.51,Normal
12.24,9,7.85,67.43,Normal
12.17,9,7.21,68.4,Normal
12.33,9,7.68,69.2,Normal
12.84,10,7.59,70.61,Normal
12.91,11,7.57,69.75,High
12.47,8,8.2,69.05,Normal
12.35,9,7.39,69.27,Normal
11.88,10,7.23,69.88,Normal
12.29,8,7.6,68.88,Normal
12.82,10,8.19,69.85,Normal
11.62,8,6.61,68.04,Normal
12.04,8,7.13,69.88,Normal
11.98,8,7.82,63.27,Normal
14.53,12,10.92,71.28,High
14.34,12,10.64,71.55,High
11.94,12,7.98,70.5,High
12.76,12,8.23,70.99,High
11.84,13,8.41,70.94,High
11.52,12,7.21,69.99,Normal
11.76,13,7.13,71.16,High
11.36,11,6.42,67.9,Normal
11.51,11,8.15,71.9,High
12.99,15,9.8,73.17,High
12.83,14,9.99,69.8,High
12.3,12,7.92,70.71,High
12.95,14,8.36,70.3,High
13.89,14,8.72,64.81,High
12.44,12,6.51,61.75,Normal
12.75,12,6.91,67.06,Normal
13.15,18,11.13,73.29,Very-High
14.09,15,9.99,72.02,High
12.97,18,11.06,72.79,Very-High
12.56,12,8.47,68.51,High
13.32,23,11.62,74.03,Very-High
13.82,17,11.65,74.37,Very-High
13.24,17,11.25,74.02,Very-High
12.79,20,10.4,73.54,Very-High
12.62,18,10.7,73.18,Very-High
12.48,11,8.37,72.85,High
12.47,10,8.29,71.01,High
12.22,8,7.02,70.73,Normal
11.98,8,6.97,69.91,Normal
12.68,10,8.79,73.4,High
11.82,8,7.51,71.22,Normal
12.52,8,7.17,69.21,Normal
13.79,9,7.69,71.57,High
12.1,9,7.38,73.35,Normal
12.24,10,6.71,71.82,Normal
12.21,9,7.09,69.97,Normal
12.96,10,8.27,72.29,High
12.24,10,5.99,71.37,Normal
11.69,11,6.85,72.13,Normal
12.1,11,7.92,70.8,High
12.08,11,7.65,71.98,High
13.08,11,8.84,73.56,High
11.86,8,8.18,72.18,Normal
12.06,9,7.67,71.12,Normal
13.4,11,10.32,73.41,High
13.46,11,9.58,72.26,High
14.19,17,10.74,74.14,Very-High
13.11,11,9.9,72.13,High
13.99,16,11.1,74.89,Very-High
13.91,15,11,74.31,Very-High
13.79,12,10.95,73.89,High
13.44,10,9.13,71.93,High
13.22,10,8.62,70.79,High
12.68,11,7.53,74.23,High
12.49,10,6.93,73.52,Normal
12.82,11,7.42,73.55,High
11.98,10,7.14,73.02,Normal
11.45,9,6.5,74.01,Normal
13.04,9,7.53,73.22,Normal
13.49,10,7.91,74.52,High
11.74,10,6.76,71.6,Normal
12.53,9,7.77,73.56,Normal
12.43,13,7.56,75.83,High
13.24,12,8.31,76.68,High
13.82,11,9.1,77.55,High
12.48,9,7.04,76.07,Normal
13.67,11,8.52,77.38,High
12.69,12,7.34,75.62,High
12.29,10,6.86,74.61,Normal
12.19,9,6.58,74.23,Normal
12.1,10,7.15,74.43,High
12.41,10,7.19,76.04,High
13.22,11,8.63,76.5,High
12.74,10,7.44,75.74,High
13.01,10,7.55,75.31,High
12.94,12,8.01,75.63,High
12.13,9,7.15,75.48,Normal
12.8,11,7.25,74.33,High
12,9,6.63,74.59,Normal
12.4,10,6.88,73.57,Normal
11.94,8,6.41,73.22,Normal
12.58,9,6.86,71.4,Normal
12.03,10,6.2,69.04,Normal
13.81,12,10.33,76.75,High
14.55,15,10.54,77.12,Very-High
15.34,15,10.41,77.22,Very-High
15.51,15,10.52,77.25,Very-High
12.83,12,8.71,74.28,High
13.04,13,8.31,74.34,High
15.58,14,9.38,74.92,High
14.25,10,8.66,75.2,High
15.15,15,9.54,73.77,Very-High
12.96,9,7.13,74.03,Normal
16.72,16,10.67,74.77,Very-High
17.28,19,11.45,74.56,Very-High
13.16,11,7.59,71.18,High
12.62,9,7.28,71.77,Normal
13.72,9,7.21,72.65,High
12.25,9,7.28,73.59,Normal
13.15,10,8.07,73.95,High
12.45,10,7.29,73.39,High
12.88,11,8.01,72.54,High
13.17,10,7.27,72.45,High
11.8,9,6.22,69.94,Normal
13.22,9,6.18,68.99,Normal
12.78,12,7.13,70.54,High
13.27,10,5.71,66.55,Normal
13.14,10,6.12,68.97,Normal
12.34,10,5.77,67,Normal
12.31,10,7.11,70.17,Normal
14.91,14,10.25,73.98,Very-High
12.61,12,8.49,72.43,High
13,11,8.53,72.27,High
12.85,12,7.63,71.44,High
13.14,11,7.8,71.22,High
14,11,7.96,72.49,High
12.69,11,6.98,72.16,High
12.36,10,7.09,71.36,Normal
12.2,10,6.81,71.26,Normal
13.47,11,7.89,72.27,High
13.72,13,9.29,72.61,High
11.59,8,5.66,70.11,Normal
12.08,8,4.55,67.96,Normal
13.63,8,6.4,67.45,Normal
13.19,9,5.46,71.22,Normal
14.97,12,9.92,73.96,High
14.31,13,10.1,73.6,High
15.41,16,10.17,73.15,Very-High
13.57,12,8.69,70.19,High
13.6,13,9.11,71.4,High
13.83,13,10.24,73.21,High
14.39,16,11.13,72.75,Very-High
14.79,17,10.47,74.13,Very-High
14.12,12,9.06,72.54,High
12.88,12,8.74,69.84,High
13.46,8,6.96,64.49,Normal
11.96,8,6.31,67.04,Normal
12.81,12,8.28,69.79,High
12.43,10,7.33,64.47,Normal
13.84,14,10.65,71.57,High
13.15,13,9.74,66.6,High
12.77,13,8.67,67.83,High
14.43,15,11.8,72.41,Very-High
13.27,14,8.84,71.99,High
12.63,11,8.22,72.21,High
12.99,14,8.87,73.53,High
13.97,17,10.38,74.99,Very-High
13.8,14,8.94,73.56,High
12.98,11,8.12,71.06,High
12.33,11,7.16,70.37,Normal
12.4,10,6.31,70.35,Normal
12.91,13,7.08,71.68,High
13.99,19,11.23,74.68,Very-High
13.48,10,7.27,66.28,Normal
13.48,11,6.37,66.64,Normal
13.5,10,6.27,65.99,Normal
13.51,9,6.69,65.74,Normal
12.97,9,7.91,67.31,Normal
13.31,9,8.4,66.6,Normal
13.28,8,7.77,66.11,Normal
13.61,11,8.53,67.8,High
12.71,9,5.84,66.92,Normal
15.58,15,9.45,71.59,High
14.99,11,10.38,70.2,High
13.15,7,7.55,66.85,Normal
12.89,7,6.53,66.98,Normal
12.81,9,6.86,64.94,Normal
13.84,7,7.37,64.39,Normal
12.56,6,6.72,66.32,Normal
13.3,6,7.51,66.86,Normal
12.26,7,7.11,64.35,Normal
12.11,6,8.09,61.29,Normal
12.4,7,8.21,66.97,Normal
12.9,7,7.7,65.1,Normal
12.87,8,6.71,67.07,Normal
13.77,9,7.8,65.17,Normal
12.69,8,8.37,67.96,Normal
13.14,7,7.27,66.77,Normal
13.17,6,7.29,64.34,Normal
11.96,7,7.19,67.12,Normal
12.66,6,5.96,68.32,Normal
13.05,6,6.33,68.43,Normal
12.47,8,7.83,67.03,Normal
11.69,5,6.87,67.98,Normal
13.13,5,6.33,60.23,Low
12.77,5,6.86,64.89,Normal
16.24,13,11.47,69.37,High
12.58,9,7.31,70.56,Normal
12.6,9,6.7,68.83,Normal
12.08,9,6.53,73.67,Normal
12.39,7,7.1,72.7,Normal
12.33,7,6.82,70.9,Normal
11.56,8,6.95,71.35,Normal
11.79,9,7.26,71.01,Normal
12.02,8,6.89,71.62,Normal
12.04,7,7.47,72.44,Normal
11.57,7,6.6,71.65,Normal
11.15,8,6.67,72.88,Normal
11.81,7,6,68.11,Normal
13.64,8,6.82,70.43,Normal
14.99,14,10.14,72.8,High
12.89,11,7.72,71.85,High
12.57,11,8.51,69.69,High
12.71,13,8.41,70.51,High
12.69,11,8.12,69.8,High
12.9,11,7.52,68.69,Normal
12.54,11,8.71,66.99,High
12.48,10,8.6,71.29,High
12.11,8,7.91,71.49,Normal
12.47,11,8.38,69.34,High
11.98,9,7.93,69.25,Normal
12.51,10,8.66,65.7,Normal
12.4,10,8.08,67.98,Normal
11.77,10,9.03,70.32,High
12.82,11,9.2,68.14,High
11.74,10,7.46,69.47,Normal
14.94,14,11.51,73.19,Very-High
12.52,12,8.2,68.49,High
11.96,11,7.64,69.31,Normal
11.92,11,7.42,69.1,Normal
12.28,12,7.34,66.97,Normal
12.38,9,7.33,65.88,Normal
11.86,12,7.75,70.23,High
12.1,12,7.74,65.82,Normal
12.19,12,7.99,65.82,Normal
12.88,9,7.37,63.58,Normal
12.59,11,8.78,70.33,High
12.36,12,7.71,70.08,High
12.37,11,7.27,67.59,Normal
13.92,14,9.94,70.98,High
14.8,13,10.94,71.87,High
13.69,12,9.7,74.22,High
13,10,8.54,72.52,High
12.89,10,8.34,72.79,High
13.58,11,9.1,72.21,High
12.78,11,9.18,73.03,High
13.31,12,9.25,71.94,High
12.55,11,8.16,71.3,High
12.5,8,7.89,71.9,Normal
14.13,14,10.67,74.41,Very-High
14.7,14,10.47,74.17,Very-High
12.9,16,10.73,74.18,Very-High
12.84,9,8.94,72.54,High
13.29,10,9.05,71.42,High
12.99,9,8.93,72.6,High
12.2,7,8.53,71.38,Normal
12.63,7,7.81,71.3,Normal
13.73,11,9.96,73.92,High
12.73,11,9.43,71.58,High
11.41,10,7.77,69.22,Normal
13.97,12,9.58,70.98,High
12.31,11,8.04,69.96,High
12.27,8,9.25,70.04,Normal
12.43,11,8.85,69.8,High
12.69,11,9.93,71.31,High
11.9,9,8.12,67.54,Normal
11.64,8,8.75,70.54,Normal
12.04,10,8.87,70.07,High
12.28,9,7.8,64.45,Normal
11.5,9,7.59,67.81,Normal
14.14,14,11.26,71.8,High
12.6,12,9.87,71,High
14.19,12,10.48,71.79,High
12.78,11,10.09,70.33,High
13.14,9,8.75,68.23,Normal
13.05,7,8.19,65.71,Normal
13.23,9,8.24,70.61,High
13.33,11,9.11,68.82,High
13.69,9,9.36,70.85,High
12.48,8,7.86,66.85,Normal
12.72,8,8.26,65.3,Normal
13.08,8,8.75,68.17,Normal
12.46,9,7.47,63.94,Normal
12.25,7,8.38,65.14,Normal
12.86,8,8.53,69.57,Normal
12.89,7,8.51,64.79,Normal
12.23,9,8.7,69.19,Normal
16.22,15,11.6,70.68,Very-High
13.36,11,8.26,70.43,High
12.48,9,7.63,68.34,Normal
12.91,10,7.43,67.69,Normal
12.03,11,6.48,70.42,Normal
11.97,9,6.48,66.24,Normal
12.25,10,7.18,67.01,Normal
13.48,9,7.97,70.37,Normal
12.87,9,7.48,67.17,Normal
13.02,10,7.46,68.98,Normal
12.51,11,7.6,66.49,Normal
13.57,10,7.96,68.91,High
12.8,8,6.98,66.88,Normal
12.73,9,7.74,69.43,Normal
13.13,12,6.8,67.17,Normal
12.93,12,7.83,69.59,High
13.22,11,7.85,69.39,High
13.69,10,8.89,70.83,High
13.32,10,8.15,70.19,High
13.58,7,8.02,73.15,Normal
12.42,11,7.78,68.31,Normal
12.82,12,8.54,70.38,High
13.37,8,7.92,73.35,Normal
15.56,16,11.2,72,Very-High
14.49,13,10.3,71.18,High
15.07,12,10.75,70.79,High
13.55,9,8.91,70.97,High
13.74,7,7.51,67.92,Normal
13.78,8,8.35,70.18,Normal
12.99,10,9.14,70.02,High
12.8,12,8.76,70.72,High
12.24,9,7.74,70.52,Normal
11.83,8,7.74,68.54,Normal
13.2,9,7.73,70.13,Normal
12.1,10,7.86,70.15,Normal
12.75,7,8.75,70.75,Normal
12.54,9,8.97,69.23,Normal
12.15,7,7.35,72.33,Normal
11.81,6,9.18,68.25,Normal
12.2,7,6.77,70.16,Normal
12.7,7,7.29,67.5,Normal
12.94,7,7.32,67.5,Normal
16.28,14,11.94,73.52,Very-High
14.81,10,10.37,70.95,High
13.06,10,7.69,67.93,Normal
12.43,8,6.54,68.83,Normal
12.94,9,7.11,67.45,Normal
12.36,10,7.1,63.83,Normal
13.45,10,8.07,68.38,Normal
12.44,8,6.74,65.79,Normal
14.32,12,10.35,72.42,High
12.62,9,7.73,64.82,Normal
13.6,10,8.52,61.3,Normal
13.05,8,7.4,62.18,Normal
11.74,7,7.37,70.75,Normal
13.18,9,7.69,67.23,Normal
11.66,11,7.92,65.91,Normal
11.92,8,7.24,68.06,Normal
13.94,8,9.81,65.82,Normal
12.28,6,9.55,63.34,Normal
12.63,7,9.5,64.95,Normal
14.15,10,9.64,66.34,High
13.02,10,8.46,66.32,Normal
12.29,7,8.71,62.73,Normal
13.42,8,8.86,61.48,Normal
12.75,9,8.22,59.16,Normal
12.26,6,8.14,62.16,Normal
12.68,7,7.7,66.13,Normal
16.02,14,11.91,70.35,Very-High
13.9,7,10.26,65.21,Normal
13.63,8,9,68.18,Normal
13.08,7,8.12,66.13,Normal
12.94,8,8.79,63.65,Normal
12.73,7,8.73,63.18,Normal
12.77,7,7.92,65.75,Normal
13.59,7,8.38,69.47,Normal
12.74,8,8.06,68.64,Normal
12.43,6,7.1,66.99,Normal
12.58,6,7.46,61.95,Normal
15.73,13,11.58,70.85,Very-High
14.2,8,9.64,69.22,High
12.72,8,7.44,65.9,Normal
14.09,7,8.64,68.41,Normal
11.98,8,8.28,64.64,Normal
11.34,8,6.87,59.93,Low
12.17,9,7.95,60.6,Normal
13.64,11,8.16,68.56,High
12.88,6,7.26,66.15,Normal
13.43,7,8.02,66.02,Normal
12.02,7,7.8,64.7,Normal
11.62,5,5.07,59.96,Low
12.91,5,6.67,65.17,Low
12.33,5,6.57,67.48,Low
11.62,5,5.08,67.18,Low
14.22,13,11.05,70.46,High
11.05,7,6.65,65.65,Normal
13.59,10,8.56,66.93,Normal
11.93,7,5.3,59.39,Low
14.19,10,9.79,66.93,High
11.59,9,9.7,67.97,Normal
12.72,7,9.19,69.06,Normal
13.95,10,10.22,68.2,High
10.48,6,4.38,66.27,Low
6.96,5,3.61,64.98,Low
12.17,12,9.91,72.27,High
11.06,8,8.55,59.64,Normal
10.54,6,6.3,64.91,Low
8.74,6,4.82,57.53,Low
7.6,5,4.02,65.8,Low
6.14,5,2.61,64.34,Low
8.28,5,3.63,65.58,Low
11.81,6,8.53,66.26,Normal
12.41,9,8,66.6,Normal
12.78,7,9.18,66.24,Normal
12.73,5,8.6,65.81,Normal
11.78,4,5.65,57.55,Low
3.29,4,0.97,55.12,Low
8.35,4,3.19,66,Low
8.63,4,2.9,63.44,Low
8.83,4,2.58,65.34,Low
5.19,5,1.96,65.61,Low
10.57,5,4.92,65.6,Low
7.36,5,2.64,65.51,Low
9.8,4,3,65.11,Low
15,15,11.55,70.38,Very-High
12.95,11,8.34,71.34,High
14.27,9,9.09,69.64,High
13.25,6,9.07,65,Normal
14.29,8,8.05,67.16,Normal
14.15,7,8.38,64.02,Normal
13.98,7,9.64,67.77,Normal
13.01,8,7.85,68.44,Normal
14.25,10,9.68,68.62,High
14.58,9,9.08,67.72,High
14.7,9,10.14,69.59,High
14.44,9,8.81,66.68,Normal
14.81,8,9.17,70.92,High
14.68,7,8.11,68.61,Normal
13.56,8,8.13,64.65,Normal
13.49,8,7.69,65.12,Normal
13.57,8,8.7,69.28,Normal
14.11,7,8.26,68.89,Normal
13.96,9,8.37,66.88,Normal
13.44,10,9.56,68.99,High
14.53,9,8.86,69.81,High
17.26,16,12.6,71.1,Very-High
13.66,10,10.97,70.21,High
15.19,11,11.06,69.16,High
15.18,10,10.89,71.27,High
14.2,7,7.39,63.69,Normal
13.14,10,9.34,68.61,High
12.13,6,4.94,69.43,Normal
13.15,9,8.11,62.24,Normal
13.1,11,8.7,64.55,Normal
12.66,10,8.29,66.82,Normal
13.66,11,9.65,68.11,High
13.26,12,10.34,69.59,High
12.6,11,9.04,69.6,High
12.56,10,8.47,67.79,Normal
12.75,11,9.18,70.75,High
13.07,10,9.15,68.41,High
12.73,12,9.55,70.97,High
13.32,12,9.92,71.31,High
12.75,11,8.52,68.22,High
12.2,6,5.2,68.24,Normal
13.25,7,9.28,68.69,Normal
13.83,8,8.48,65.27,Normal
13.44,8,9.14,70.87,Normal
12.57,10,8.51,68.08,Normal
12.52,10,7.84,66.38,Normal
12.42,9,9.06,66.77,Normal
13,8,8.67,66.69,Normal
12.97,11,8.71,68.39,High
12.8,11,8.35,69.09,High
12.58,6,6.09,68.98,Normal
12.66,5,6,68.5,Normal
13.13,11,9.91,68.36,High
12.47,11,9.24,62.6,Normal
14.02,12,11.08,72.93,High
12.68,12,10.24,70.47,High
14.72,14,11.37,72.64,Very-High
13.59,10,10.75,71.95,High
14.51,10,10.63,68.73,High
13.71,7,8.41,70.67,Normal
13.95,10,8.76,69.01,High
12.39,6,6.95,64.49,Normal
13.3,9,8.14,70.45,Normal
13.02,10,7.84,67.95,Normal
12.35,10,7.77,65.69,Normal
13.88,10,8.44,69.38,High
13.57,10,7.5,68.23,Normal
13.85,9,8.69,71.83,High
13.27,9,7.97,69.47,Normal
12.78,8,7.66,66.82,Normal
12.69,10,8.15,67.21,Normal
12.41,11,8.25,70.73,High
13.22,8,7.86,67.37,Normal
16.5,14,11.33,73.35,Very-High
14.3,11,11.01,73.14,High
13.15,9,9.94,69.59,High
15.04,10,11.44,72.58,High
14.95,13,11.31,73.91,Very-High
14.24,13,10.46,73.33,High
14.52,12,10.36,69.87,High
13.11,10,8.92,71.19,High
13.27,10,8.31,68.17,Normal
12.32,10,8.16,69.97,Normal
11.89,10,7.19,67.32,Normal
12.16,11,8.44,70.74,High
12.73,12,9.64,70.79,High
13.21,11,9.1,70.35,High
12.82,9,8.37,69.55,Normal
12.83,11,9.21,70.85,High
12.63,9,8.15,69.87,Normal
12.78,7,7.48,67.21,Normal
15.34,14,11.22,71.94,Very-High
12.98,12,9.84,70.55,High
12.9,10,8.23,70.89,High
13.85,9,8.2,69.65,High
11.97,10,7.67,71.04,Normal
12.25,11,7.63,68.94,Normal
12.9,9,7.82,70.26,Normal
12.81,8,8.09,71.02,Normal
11.85,8,6.34,65.86,Normal
12.6,9,7.56,67.87,Normal
12.38,10,7.56,69.77,Normal
12.6,11,8.09,67.42,Normal
14.62,11,10.67,72.43,High
14.77,10,9.84,71.84,High
12.36,10,8,69.41,Normal
12.57,9,8.68,67.83,Normal
11.4,10,7.02,68.22,Normal
11.95,11,7.6,68.38,Normal
12.32,9,8.44,65.5,Normal
11.99,9,7.28,67.59,Normal
11.98,10,7.6,68.33,Normal
11.73,9,7.17,68.55,Normal
11.73,8,7.82,66.49,Normal
12.04,11,7.27,68.65,Normal
12.28,10,7.58,64.96,Normal
12.04,9,7.38,64.56,Normal
11.7,8,6.58,67.88,Normal
11.55,9,6.45,65.21,Normal
14.39,14,10.37,70.32,High
12.89,12,9.71,69.88,High
12.83,8,9.08,66.14,Normal
13.31,13,9.51,68.83,High
13.58,10,8.61,68.84,High
13.59,9,9.01,67.45,Normal
13.55,10,8.05,67.95,Normal
12.84,10,7.85,67.67,Normal
12.96,8,8.24,66.15,Normal
13.26,7,7.9,67.14,Normal
12.71,10,7.88,66.16,Normal
12.3,11,7.89,62.73,Normal
12.68,9,7.92,67.39,Normal
12.97,9,7.14,67.82,Normal
16,13,11.58,69.72,High
12.61,9,7.82,70.18,Normal
12.19,9,7.6,67.09,Normal
12.15,9,6.96,68.04,Normal
12.17,9,7.67,68.87,Normal
12.83,9,7.57,70.31,Normal
12.9,11,7.51,69.46,Normal
12.44,8,8.19,68.71,Normal
12.33,8,7.35,68.95,Normal
11.73,10,7.22,69.59,Normal
12.28,7,7.47,68.53,Normal
12.78,10,8.01,69.44,Normal
11.61,7,6.6,67.71,Normal
11.99,8,7.1,69.56,Normal
11.97,8,7.59,62.85,Normal
14.23,11,10.9,71.01,High
14.29,11,10.61,71.29,High
11.87,12,7.84,70.18,High
12.68,12,8.2,70.73,High
11.83,13,8.15,70.64,High
11.51,12,7.18,69.73,Normal
11.75,12,6.8,70.78,Normal
11.35,11,6.36,67.47,Normal
11.49,11,8.14,71.59,High
12.83,15,9.78,72.86,High
12.82,13,9.81,69.64,High
12.16,11,7.81,70.52,High
12.75,14,8.35,70.21,High
13.88,14,8.71,64.57,High
12.43,11,6.27,61.44,Normal
12.32,11,6.7,66.91,Normal
12.95,17,11.12,73.24,Very-High
14.08,15,9.98,71.93,High
12.95,18,11.05,72.67,Very-High
12.48,12,8.46,68.27,High
13.31,23,11.57,73.93,Very-High
13.43,17,11.64,74.27,Very-High
13.23,16,11.24,73.92,Very-High
12.78,20,10.38,73.45,Very-High
12.61,18,10.69,73.08,High
12.45,10,8.15,72.66,High
12.44,10,7.88,70.86,Normal
12.2,8,6.8,70.49,Normal
11.9,7,6.93,69.7,Normal
12.64,10,8.58,73.26,High
11.8,7,7.5,71.03,Normal
12.48,7,7.13,68.96,Normal
13.67,9,7.6,71.32,Normal
12.07,9,7.36,73.11,Normal
12.22,10,6.62,71.66,Normal
12.19,9,6.91,69.68,Normal
12.94,10,8.17,72.14,High
12.22,9,5.98,71.11,Normal
11.68,10,6.84,71.92,Normal
12.09,11,7.75,70.61,Normal
12.07,11,7.35,71.81,Normal
13.05,11,8.84,73.43,High
11.83,8,7.97,72.03,Normal
12.04,8,7.58,70.84,Normal
13.38,11,10.3,73.21,High
13.4,10,9.53,72.11,High
14.18,16,10.63,74,Very-High
13.09,11,9.89,71.99,High
13.76,15,11.09,74.76,Very-High
13.9,15,10.85,74.17,Very-High
13.77,11,10.94,73.75,High
13.42,9,9.04,71.7,High
13.2,10,8.6,70.59,High
12.63,10,7.35,74.18,High
12.48,10,6.92,73.39,Normal
12.64,11,7.41,73.45,High
11.95,9,7,72.98,Normal
11.42,9,6.28,73.91,Normal
12.91,8,7.34,73.11,Normal
13.48,10,7.7,74.4,High
11.69,10,6.75,71.46,Normal
12.48,9,7.57,73.47,Normal
12.16,12,7.55,75.79,High
13.13,11,8.24,76.67,High
13.81,11,8.84,77.54,High
12.45,9,6.88,76.05,Normal
13.66,11,8.51,77.36,High
12.65,12,7.22,75.6,High
12.28,10,6.67,74.55,Normal
12.14,9,6.46,74.12,Normal
12.05,10,6.95,74.39,Normal
12.3,10,7.18,75.93,High
13.21,10,8.62,76.47,High
12.71,10,7.43,75.71,High
12.86,10,7.48,75.29,High
12.85,11,7.88,75.62,High
12.08,9,6.94,75.47,Normal
12.7,11,7.05,74.3,High
11.88,9,6.62,74.56,Normal
12.17,10,6.74,73.53,Normal
11.91,8,6.32,73.11,Normal
12.34,9,6.7,71.28,Normal
12.02,9,6.19,68.84,Normal
13.8,11,10.31,76.72,High
14.52,14,10.53,77.11,Very-High
15,15,10.4,77.11,Very-High
15.5,14,10.51,77.23,Very-High
12.79,12,8.57,74.25,High
12.9,12,8.3,74.3,High
15.56,13,9.32,74.82,High
14.24,9,8.65,75.12,High
15.03,15,9.35,73.66,High
12.95,9,7,73.92,Normal
16.71,15,10.66,74.69,Very-High
17.05,18,11.44,74.45,Very-High
13.1,11,7.39,70.97,High
12.61,8,7.19,71.52,Normal
13.71,9,7.17,72.43,Normal
12.12,9,7.27,73.35,Normal
13.05,10,8.06,73.74,High
12.44,10,7.27,73.16,Normal
12.87,10,7.68,72.37,High
12.87,9,7.18,72.26,Normal
11.79,8,6.21,69.7,Normal
13.21,9,6.07,68.74,Normal
12.69,11,7.12,70.34,High
12.95,10,5.62,66.27,Normal
13.01,9,6.11,68.73,Normal
12.07,10,5.71,66.71,Normal
12.3,9,6.83,70.01,Normal
14.75,14,10.24,73.82,High
12.53,12,8.18,72.24,High
12.99,10,8.21,72.04,High
12.84,11,7.61,71.25,High
13.13,11,7.57,70.97,High
13.73,11,7.95,72.3,High
12.68,11,6.88,71.92,Normal
12.35,9,6.77,71.07,Normal
12.19,10,6.52,71.01,Normal
13.46,11,7.83,72.04,High
13.71,12,8.96,72.46,High
11.58,8,5.33,69.94,Normal
11.76,8,4.36,67.79,Normal
13.62,8,6.35,67.22,Normal
13.07,8,5.23,70.94,Normal
14.96,11,9.91,73.8,High
14.02,13,9.9,73.36,High
15.4,16,10.16,72.93,Very-High
13.56,11,8.49,70,High
13.59,12,9.1,71.18,High
13.82,13,9.99,73.01,High
14.21,15,11.11,72.59,Very-High
14.78,17,10.46,73.98,Very-High
14.04,12,8.77,72.37,High
12.85,11,8.62,69.64,High
13.42,8,6.72,64.24,Normal
11.93,8,6.21,66.79,Normal
12.8,12,8.27,69.61,High
12.39,10,7.18,64.22,Normal
13.83,14,10.51,71.45,High
13.13,12,9.73,66.43,High
12.65,13,8.62,67.58,High
14.42,15,11.78,72.26,Very-High
13.23,13,8.65,71.68,High
12.61,11,7.95,71.91,High
12.96,14,8.64,73.23,High
13.95,17,10.06,74.71,Very-High
13.71,14,8.92,73.26,High
12.95,11,7.75,70.7,High
12.31,11,7.13,70.05,Normal
12.39,10,5.97,70.05,Normal
12.89,13,7.04,71.36,High
13.98,19,11.16,74.38,Very-High
13.47,10,7.03,65.87,Normal
13.36,11,6.16,66.16,Normal
13.47,9,5.96,65.59,Normal
13.5,9,6.45,65.33,Normal
12.9,9,7.72,66.9,Normal
13.3,8,8.12,66.2,Normal
13.27,8,7.59,65.71,Normal
13.6,11,8.24,67.34,High
12.7,8,5.81,66.5,Normal
15.52,14,9.43,71.24,High
14.98,10,10.3,69.84,High
13.1,7,7.3,66.38,Normal
12.88,7,6.52,66.58,Normal
12.8,9,6.74,64.45,Normal
13.83,7,7.11,63.86,Normal
12.55,6,6.47,65.91,Normal
13.29,6,7.26,66.45,Normal
12.25,7,7.08,63.81,Normal
12.09,6,7.81,60.8,Normal
12.26,7,7.95,66.57,Normal
12.89,7,7.42,64.7,Normal
12.7,7,6.69,66.61,Normal
13.76,8,7.79,64.75,Normal
12.68,8,8.07,67.59,Normal
12.71,7,7.26,66.23,Normal
13.16,6,7.24,63.8,Normal
11.55,7,7.18,66.58,Normal
12.32,6,5.76,67.96,Normal
13.04,6,6.32,68.02,Normal
12.46,8,7.82,66.62,Normal
11.34,5,6.65,67.62,Low
13.12,5,6.06,59.53,Low
12.76,5,6.6,64.52,Low
16.08,13,11.46,68.9,High
12.55,8,7.12,70.18,Normal
12.52,9,6.68,68.5,Normal
12.01,9,6.27,73.28,Normal
12.37,7,7.09,72.34,Normal
12.31,7,6.63,70.54,Normal
11.54,8,6.94,71.05,Normal
11.77,8,7.04,70.69,Normal
11.98,8,6.73,71.29,Normal
12.03,7,7.25,72.12,Normal
11.56,7,6.58,71.24,Normal
11.13,8,6.66,72.56,Normal
11.79,7,5.86,67.71,Normal
13.59,8,6.81,70.04,Normal
14.81,14,9.9,72.41,High
12.87,11,7.57,71.41,High
12.55,10,8.37,69.64,High
12.7,12,8.36,70.43,High
12.68,11,7.9,69.75,High
12.54,10,7.51,68.64,Normal
12.53,11,8.69,66.89,Normal
12.4,9,8.59,71.28,Normal
12.1,8,7.84,71.45,Normal
12.46,10,7.95,69.31,Normal
11.97,9,7.76,69.24,Normal
12.21,10,8.65,65.62,Normal
12.39,9,7.7,67.92,Normal
11.76,10,8.97,70.24,High
12.81,11,9.05,68.06,High
11.73,10,7.45,69.43,Normal
14.93,13,11.42,73.16,Very-High
12.5,12,8,68.23,High
11.95,11,7.38,69.08,Normal
11.83,11,7.19,68.89,Normal
11.99,12,7.29,66.66,Normal
12.37,9,7.32,65.59,Normal
11.85,11,7.54,69.98,Normal
12.07,12,7.72,65.59,Normal
12.18,12,7.8,65.54,Normal
12.83,9,7.36,63.24,Normal
12.53,11,8.57,70.12,High
12.33,11,7.7,69.74,High
12.36,11,7.04,67.37,Normal
13.91,14,9.93,70.75,High
14.79,13,10.93,71.67,High
13.67,11,9.48,73.96,High
12.99,10,8.22,72.28,High
12.88,9,8.07,72.57,High
13.57,10,8.84,71.93,High
12.65,10,9.08,72.76,High
13.3,12,8.98,71.68,High
12.54,11,8.03,71.05,High
12.48,7,7.69,71.56,Normal
14.12,14,10.65,74.18,High
14.66,14,10.46,73.93,High
12.89,16,10.72,73.94,High
12.82,8,8.87,72.5,High
13.27,9,9.04,71.4,High
12.98,9,8.92,72.55,High
12.19,7,8.49,71.35,Normal
12.62,6,7.73,71.27,Normal
13.7,11,9.94,73.88,High
12.68,10,9.24,71.26,High
11.3,10,7.59,68.86,Normal
13.96,12,9.56,70.67,High
12.04,11,7.9,69.6,Normal
12.2,8,9,69.71,Normal
12.08,11,8.84,69.47,High
12.65,11,9.61,71.03,High
11.88,8,8.11,67.21,Normal
11.51,8,8.57,70.14,Normal
11.74,10,8.82,69.77,Normal
12.23,8,7.73,64.19,Normal
11.48,8,7.57,67.51,Normal
14.12,13,11.04,71.52,High
12.26,12,9.65,70.72,High
14.17,11,10.25,71.43,High
12.75,10,10.04,69.97,High
13.13,9,8.52,67.78,Normal
13.04,7,8.14,65.12,Normal
13.22,9,8.06,70.32,Normal
12.89,11,8.98,68.45,High
13.68,8,9.04,70.51,High
12.47,8,7.85,66.37,Normal
12.71,8,7.96,64.71,Normal
13.07,8,8.74,67.59,Normal
12.45,9,7.18,63.57,Normal
11.82,7,8.16,64.61,Normal
12.85,8,8.43,69.15,Normal
12.88,7,8.44,64.21,Normal
12.22,8,8.58,68.77,Normal
16.2,15,11.33,70.31,Very-High
13.34,10,8.02,70.08,High
12.46,8,7.4,68.03,Normal
12.79,10,7.34,67.27,Normal
12.01,11,6.47,70.11,Normal
11.95,8,6.21,65.89,Normal
12.22,10,6.91,66.64,Normal
13.29,9,7.75,70.11,Normal
12.85,9,7.29,66.83,Normal
12.99,10,7.43,68.74,Normal
12.41,11,7.49,66.12,Normal
13.56,10,7.86,68.6,High
12.67,8,6.97,66.5,Normal
12.57,9,7.63,69.02,Normal
13.11,12,6.79,66.79,Normal
12.91,11,7.79,69.15,High
13.2,11,7.84,68.98,High
13.68,10,8.68,70.55,High
13.3,9,7.97,69.84,Normal
13.5,7,7.94,72.8,Normal
12.39,11,7.53,67.9,Normal
12.81,12,8.45,70.03,High
13.35,7,7.76,73.09,Normal
15.55,16,11.09,71.7,Very-High
14.47,13,10.29,70.88,High
15.06,12,10.51,70.49,High
13.53,9,8.69,70.72,High
13.53,7,7.5,67.6,Normal
13.77,8,8.19,69.97,Normal
12.98,10,8.94,69.76,High
12.39,12,8.57,70.38,High
12.23,8,7.73,70.24,Normal
11.82,8,7.54,68.17,Normal
13.15,9,7.72,69.85,Normal
12.09,10,7.67,69.94,Normal
12.74,7,8.54,70.56,Normal
12.33,9,8.81,68.95,Normal
11.89,7,7.18,71.99,Normal
11.59,6,9.17,68.06,Normal
12.13,7,6.76,69.97,Normal
12.35,7,7.28,67.33,Normal
12.56,7,7.07,67.33,Normal
16.2,14,11.69,73.26,Very-High
14.8,10,10.13,70.72,High
13.03,9,7.46,67.45,Normal
12.42,8,6.53,68.25,Normal
12.91,9,6.83,66.98,Normal
12.35,10,6.85,63.25,Normal
13.44,9,8.04,67.95,Normal
12.43,8,6.72,65.36,Normal
14.31,11,10.34,72.02,High
12.59,9,7.5,64.58,Normal
13.58,9,8.25,61.05,Normal
13.02,8,7.24,61.97,Normal
11.58,7,7.22,70.62,Normal
13.14,9,7.53,66.94,Normal
11.59,10,7.68,65.62,Normal
11.71,8,7.23,67.79,Normal
13.92,8,9.58,65.59,Normal
12.27,6,9.39,63.19,Normal
12.62,7,9.49,64.77,Normal
14.14,10,9.3,66.19,High
12.79,10,8.32,66.16,Normal
12.09,7,8.7,62.52,Normal
13.41,8,8.85,61.2,Normal
12.57,9,8.02,58.84,Normal
11.89,6,8,61.87,Normal
12.48,7,7.42,65.92,Normal
16.01,13,11.66,70.12,Very-High
13.89,7,10.18,64.89,Normal
13.62,7,8.72,67.8,Normal
13.07,7,7.88,65.78,Normal
12.93,7,8.65,63.16,Normal
12.66,7,8.57,62.83,Normal
12.76,7,7.62,65.42,Normal
13.58,7,8.37,69.15,Normal
12.73,7,7.97,68.19,Normal
12.41,6,6.96,66.58,Normal
12.14,6,7.44,61.58,Low
15.72,13,11.26,70.5,High
13.91,8,9.63,68.87,Normal
12.53,7,7.27,65.55,Normal
13.85,7,8.51,68.12,Normal
11.76,8,8.09,64.25,Normal
11.05,7,6.75,59.53,Low
11.94,9,7.77,60.15,Normal
13.63,11,8.04,68.22,High
12.56,6,7.15,65.83,Normal
13.21,7,7.83,65.71,Normal
11.8,7,7.63,64.42,Normal
11.32,4,4.94,59.56,Low
12.67,5,6.53,64.93,Low
12.32,5,6.48,67.16,Low
11.33,4,4.97,66.89,Low
14.21,13,10.93,70,High
10.83,7,6.52,65.36,Normal
13.24,10,8.49,66.71,Normal
11.58,7,5.17,58.99,Low
14.17,10,9.6,66.66,High
11.14,9,9.53,67.72,Normal
12.24,7,9.07,68.85,Normal
13.94,9,10,68,High
10.47,6,4.2,65.94,Low
6.59,5,3.51,64.65,Low
11.77,11,9.76,72.06,High
10.99,8,8.32,59.16,Normal
10.53,6,6.29,64.56,Low
8.47,5,4.74,56.88,Low
7.59,4,4.01,65.52,Low
5.79,5,2.49,64.08,Low
8.04,4,3.62,65.3,Low
11.55,6,8.52,66,Normal
12.14,8,7.83,66.35,Normal
12.77,6,8.87,65.99,Normal
12.72,5,8.39,65.53,Normal
11.3,4,5.46,57.18,Low
2.95,4,0.85,54.82,Low
8.01,4,3.18,65.79,Low
8.33,4,2.78,63.14,Low
8.46,4,2.44,65.1,Low
4.93,5,1.95,65.33,Low
10.13,5,4.91,65.32,Low
7.11,5,2.51,65.26,Low
9.79,4,2.99,64.83,Low
14.99,14,11.3,70.15,High
12.91,11,8.17,71.2,High
